{
  "id": "",
  "name": "",
  "font_family": "iconfont",
  "css_prefix_text": "icon-",
  "description": "",
  "glyphs": [
    {
      "icon_id": "4421810",
      "name": "点赞",
      "font_class": "dianzan",
      "unicode": "e669",
      "unicode_decimal": 58985
    },
    {
      "icon_id": "6338086",
      "name": "点赞",
      "font_class": "dianzan1",
      "unicode": "e633",
      "unicode_decimal": 58931
    },
    {
      "icon_id": "20052144",
      "name": "点赞",
      "font_class": "dianzan2",
      "unicode": "e6af",
      "unicode_decimal": 59055
    }
  ]
}
